{"great": [0.5682557965917351, 0.17693766992299975, 0.18993643512543745, -0.2780914082047978, -0.8753156815199823, -0.14616440151329257, 0.23939092249734448, -0.3107029172057923, 0.6199832095634382, 0.16617984462002233], "cool": [0.5641256072125872, 0.13722982658305447, 0.2082364803517174, -0.29296957234563653, -0.8704480862547579, -0.18822962799771, 0.24239616047158674, -0.29410091959922563, 0.6979644655991712, 0.2147529764765612], "brilliant": [0.5918855018013452, 0.10397786927770156, 0.18125409832798153, -0.3249417806914038, -0.8565376508947542, -0.1796672139151317, 0.2603509816471901, -0.32893244657244936, 0.6604228461904655, 0.2415822562502478], "wonderful": [0.5336813277875313, 0.15884523607312168, 0.2651843805368251, -0.34389277627100595, -0.8491692008120083, -0.18613217422541947, 0.2672408530040501, -0.3180910305972477, 0.6581041757437853, 0.20044434983351095], "well": [0.5893339401809647, 0.1731181320118493, 0.26909656417479705, -0.3074019009829284, -0.8500390052604697, -0.18871896996247892, 0.27101121903362385, -0.300242150264492, 0.5689872204434444, 0.1536939961285805], "amazing": [0.5902038867844639, 0.14902291975965967, 0.21315969705653712, -0.3142264603667906, -0.9096476218964348, -0.17471907820831542, 0.27440977619393625, -0.28780096142476286, 0.6262885326051716, 0.2147417297271471], "worth": [0.5130535106477786, 0.12034173054704311, 0.1958738363180417, -0.3164369139624041, -0.8606295772705053, -0.1510116288673398, 0.22113241716100865, -0.26972358950629427, 0.6690196658223425, 0.16036078186161526], "sweet": [0.5503643010832929, 0.17143189756236124, 0.19039362530118084, -0.32242095517316016, -0.8138360944646922, -0.18346270853248317, 0.2327193885980577, -0.262605300041524, 0.6257203568118471, 0.24871943007675432], "enjoyable": [0.5738392051934846, 0.12461914284456144, 0.17510717277873966, -0.3302460528016359, -0.7874929465033427, -0.17067349112504737, 0.24587717337924972, -0.2837594997695822, 0.6546620471931931, 0.2348916423233692], "boring": [0.5240450095785574, 0.15703282247734568, 0.1848657881235244, -0.29901300482242454, -0.883174758426109, -0.1811586527411475, 0.22235910278043786, -0.31756882268031383, 0.5988034434028018, 0.17092555144264804], "bad": [0.5360316771649711, 0.08934057914047355, 0.2201026591060937, -0.30958468615269735, -0.8809548868530362, -0.14538972298246, 0.21710437130796886, -0.23807251098545673, 0.633070399803598, 0.2436985722829326], "dumb": [0.5707119169157069, 0.13801450767761772, 0.2641854971871885, -0.2713492816853864, -0.8090819545573589, -0.11288020342381064, 0.2872690197930901, -0.3204195674908729, 0.6057968690648793, 0.17957977344555892], "annoying": [0.5804388073936805, 0.10213080454123973, 0.17510467165233623, -0.33017420063789404, -0.8168968873432684, -0.20307898062832574, 0.21580541902126024, -0.2610116632102946, 0.6339996308459203, 0.20636140785935564], "female": [0.6029723815239836, 0.16789318536724743, 0.22520087305967565, -0.28873306487925615, -0.9146157195054557, -0.22069970363834449, 0.22384549781071944, -0.2716921472488913, 0.6634932978039565, 0.23203231101065186], "male": [0.6188443180311552, 0.17591224836567157, 0.22018040161594696, -0.3645633008007947, -0.9461854369906789, -0.13322604657914652, 0.2991505531133827, -0.3486196050483815, 0.7441098161765465, 0.19775997097206294], "queen": [0.5765894647154781, 0.13192743667861653, 0.25802327045267465, -0.32980320826986514, -0.8289942700272946, -0.1927432991368759, 0.23709843256162164, -0.24203150503481494, 0.5713084097409641, 0.1429892253760585], "king": [0.5560732564209726, 0.17646154128213581, 0.2831234234495478, -0.3367128855390604, -0.9461014688342687, -0.12648395065859486, 0.30612181315592185, -0.3318819712244176, 0.6792991341085513, 0.1913177348583804], "man": [0.6051631423709491, 0.17830144563644143, 0.22784621923285928, -0.296117892201953, -0.9034636471542419, -0.14556650433904586, 0.2020259868474978, -0.2637285354241915, 0.6768741056545698, 0.21429225917611777], "woman": [0.5439297636260637, 0.10716810158149413, 0.19338139148668101, -0.3063888846272402, -0.9005115497465599, -0.19854245727352385, 0.2888241976482533, -0.3169369428802768, 0.66557694525432, 0.2486405293598407], "rain": [0.6298504912050585, 0.1230163538085278, 0.22052743188216306, -0.30417388056281774, -0.8506257387146208, -0.1733969491635805, 0.22410525920744062, -0.34460525006932236, 0.7252580609208235, 0.24246844659325675], "snow": [0.571658674146897, 0.16715752620553279, 0.2811586315804149, -0.2976175714836574, -0.9075508328669517, -0.18167262677197626, 0.2339708351704251, -0.2998148033711087, 0.7592476519212541, 0.2640055409419275], "hail": [0.4253382169113919, 0.1380455378374832, 0.2117743056507608, -0.19519807837970896, -0.681656708186901, -0.10307706377540066, 0.150719901731784, -0.2165401966104437, 0.5309049787787797, 0.11659360626879127], "coffee": [0.5362156564666704, 0.18498536534428103, 0.24044513781837562, -0.2515479584853181, -0.7585156275603341, -0.14980862202505735, 0.2525722902250097, -0.24267753083317825, 0.6620631212565936, 0.22504608361898634], "tea": [0.5401340524210244, 0.1701133001000438, 0.16738954188749106, -0.3114928291060685, -0.7716667733777047, -0.17544733406998533, 0.26496092587065895, -0.2519735205989731, 0.6384983316665088, 0.2014355294451261]}